{"phase_percentages": [22.448979591836736, 26.530612244897963, 51.0204081632653], "center": [9.006533798042208, 38.44815360489549, 41.575797000157394, 97.89294625197103], "sigma": [4.919062185701349, 4.056728243220872, 8.352151762072543, 2.297928691386177]}