{
  "config": {
    "n_grid_points": 40,
    "xi_max": 50.0,
    "eta": 0.01,
    "cd_params": {},
    "ac_params": {},
    "convergence_tol": 1e-06,
    "max_iterations": 50,
    "mad_threshold": 0.05,
    "outlier_sigma": 3.0,
    "bootstrap_samples": 1000,
    "confidence_level": 0.95,
    "parallel_execution": true,
    "n_threads": null,
    "cache_intermediates": true,
    "memory_limit_gb": 16.0,
    "verbose": 1,
    "save_intermediates": true,
    "plot_results": true,
    "output_dir": "comparison_results"
  },
  "summary": {
    "n_molecules": 3,
    "overall_mad": 0.380729159526018,
    "overall_rmsd": 0.49289945857170797,
    "pass_rate": 0.0,
    "avg_speedup": 0.602167301685374,
    "mad_threshold": 0.05,
    "max_mad": 0.4264218496057877,
    "min_mad": 0.34632406808355215,
    "mad_std": 0.03365977880144781
  },
  "results": [
    {
      "molecule_name": "H2O",
      "basis_set": "cc-pVDZ",
      "cd_qp_energies": [
        -20.57014798137159,
        -1.333490354389273,
        -0.6895403443575422,
        -0.5720593034665883,
        -0.4789227646000941,
        0.1729615170797203,
        0.24937241343486466,
        0.7946254426906076,
        0.863416789233048,
        1.1770334246538192,
        1.2075934062654314,
        1.2679309537923458,
        1.435885763582539,
        1.4784778514797512,
        1.6597893398103796,
        1.8683590855255623,
        1.9374707505651652,
        2.4487230762293906,
        2.486692279642005,
        3.2739636096644738,
        3.3360341773407667,
        3.5118161236856893,
        3.8593465179655984,
        4.134620577955132
      ],
      "ac_qp_energies": [
        -20.524632133990032,
        -1.3369828918485276,
        -0.6986828719173337,
        -0.5589239500796154,
        -0.4715279210892385,
        0.1677774519177901,
        0.26694671715576856,
        0.7748613854686083,
        0.8425425196062218,
        1.1582257610109696,
        1.2126690318744353,
        1.2726628500685533,
        1.470860447609552,
        1.4775945824357435,
        1.6682124969194847,
        1.8908189123343424,
        1.9305100926389875,
        2.4613626637976256,
        2.495460689805645,
        3.2604717203367066,
        3.3473979517872245,
        3.5115002579300105,
        3.8539194773710634,
        4.125565201425242
      ],
      "hf_energies": [
        -20.550464101671373,
        -1.3365881109271578,
        -0.6991830246223318,
        -0.5665407929011453,
        -0.49313285237403837,
        0.18553488984388827,
        0.25622324896261706,
        0.7891624803347932,
        0.8541527153377649,
        1.1635237640106268,
        1.200382883339493,
        1.25331621748185,
        1.4446044164145588,
        1.4762175071922015,
        1.6746264312339452,
        1.8673378346142235,
        1.93470729806864,
        2.452429391558757,
        2.489903220112437,
        3.2855058511544657,
        3.338718333472697,
        3.510301166599483,
        3.865675212318457,
        4.1473019834493
      ],
      "mad": 0.34632406808355215,
      "rmsd": 0.4466348738267964,
      "max_deviation": 1.238531723099593,
      "correlation": 0.9999956412665552,
      "r_squared": 0.9999912825521089,
      "mad_ci_lower": 0.24320529843949829,
      "mad_ci_upper": 0.46970804266841293,
      "outlier_indices": [],
      "outlier_orbitals": [],
      "cd_timing": 7.748603820800781e-05,
      "ac_timing": 3.886222839355469e-05,
      "cd_memory_peak": 0.000946044921875,
      "ac_memory_peak": 0.000946044921875,
      "cd_converged": true,
      "ac_converged": true,
      "cd_iterations": 14,
      "ac_iterations": 7,
      "cd_z_factors": [
        0.8811353030856232,
        0.8566966303673914,
        0.8222332853506378,
        0.7064995625226101,
        0.8338456634476573,
        0.7643296009391237,
        0.8696211380910267,
        0.7436013394956641,
        0.7985976352461522,
        0.8799510538093368,
        0.7342776564326673,
        0.7388970663763956,
        0.8874206961741985,
        0.7282468570780214,
        0.7609934424389793,
        0.8564523053572611,
        0.8925197203235027,
        0.8107727367960648,
        0.7690983221938476,
        0.7721356757120359,
        0.7608096481772499,
        0.8603597037555152,
        0.8508074613757972,
        0.7709605035087245
      ],
      "ac_z_factors": [
        0.6735889316482266,
        0.8068642395727785,
        0.771323429990433,
        0.714649998882594,
        0.666643299632343,
        0.82064766465083,
        0.8205302034164426,
        0.7763842630168716,
        0.6857502672274949,
        0.8625903192905671,
        0.7904226742379324,
        0.7287101396383693,
        0.6934845627386775,
        0.8704917723531526,
        0.861486770682611,
        0.7833733612117584,
        0.6812634101235346,
        0.7711077479623751,
        0.8209453150049807,
        0.7031820849844769,
        0.7623788183103442,
        0.697440007549383,
        0.7898472552565985,
        0.73683232805285
      ],
      "cd_spectral_moments": {},
      "ac_condition_number": 0.0
    },
    {
      "molecule_name": "NH3",
      "basis_set": "cc-pVDZ",
      "cd_qp_energies": [
        -15.529464379028155,
        -1.1257513244064803,
        -0.6019363786846199,
        -0.6132806983353163,
        -0.411308019068194,
        0.1991525014842165,
        0.2653608700059257,
        0.2781024923002152,
        0.7256963470289242,
        0.7457577445466864,
        0.8655804670041792,
        0.9853923340363707,
        1.0884449586674858,
        1.0650368563360775,
        1.3028343395878503,
        1.3391843351426749,
        1.4050351981097287,
        1.7661168078668699,
        1.9411996790761312,
        1.9725919594138057,
        1.9511350839691768,
        2.3026533787368852,
        2.3134634865532915,
        2.535914398619731,
        2.8154901147561393,
        2.821367693321619,
        2.971572459768356,
        3.3332371881264944,
        3.3367696319881675
      ],
      "ac_qp_energies": [
        -15.568767209144884,
        -1.1424676035690557,
        -0.6246230467529815,
        -0.6125669271432297,
        -0.42536359737634355,
        0.1963196799526044,
        0.26443031725456345,
        0.2721611282367857,
        0.7327140296065331,
        0.7348101722373042,
        0.8930769257298632,
        1.0104301300957395,
        1.0803550953688372,
        1.0618435867430382,
        1.3306706384203442,
        1.2756444579034552,
        1.3878079358635054,
        1.7387591542335168,
        1.9236361640849564,
        1.9665070454483704,
        1.9443386166522931,
        2.3017168373508743,
        2.303836007702256,
        2.5434512342664415,
        2.8254656054796787,
        2.830683328443916,
        2.98288034343959,
        3.313481182219702,
        3.3021368445041475
      ],
      "hf_energies": [
        -15.536731900553379,
        -1.1308584249926374,
        -0.6157484975124538,
        -0.6157233874292493,
        -0.41887934036338953,
        0.18686056547251276,
        0.2703490039675801,
        0.27036005933232066,
        0.7311461442986686,
        0.7311984408119087,
        0.8809535011474127,
        0.9966863696425372,
        1.0730812550259925,
        1.0730988643908754,
        1.3186968839073108,
        1.31879061326526,
        1.385095463496054,
        1.7618480597204027,
        1.9282347427209965,
        1.9574255169242745,
        1.9575065124570903,
        2.3070101333150674,
        2.307033352814096,
        2.551709789420403,
        2.8297505461920487,
        2.829825551298098,
        2.9660119066696358,
        3.3098993947887005,
        3.310049224419506
      ],
      "mad": 0.4264218496057877,
      "rmsd": 0.5652116017887194,
      "max_deviation": 1.7289835995564078,
      "correlation": 0.9999840151894404,
      "r_squared": 0.9999680306343949,
      "mad_ci_lower": 0.30871746745159717,
      "mad_ci_upper": 0.5739388153874807,