{
  "molecule_name": "NH3",
  "basis_set": "cc-pVDZ",
  "cd_qp_energies": [
    -15.529464379028155,
    -1.1257513244064803,
    -0.6019363786846199,
    -0.6132806983353163,
    -0.411308019068194,
    0.1991525014842165,
    0.2653608700059257,
    0.2781024923002152,
    0.7256963470289242,
    0.7457577445466864,
    0.8655804670041792,
    0.9853923340363707,
    1.0884449586674858,
    1.0650368563360775,
    1.3028343395878503,
    1.3391843351426749,
    1.4050351981097287,
    1.7661168078668699,
    1.9411996790761312,
    1.9725919594138057,
    1.9511350839691768,
    2.3026533787368852,
    2.3134634865532915,
    2.535914398619731,
    2.8154901147561393,
    2.821367693321619,
    2.971572459768356,
    3.3332371881264944,
    3.3367696319881675
  ],
  "ac_qp_energies": [
    -15.568767209144884,
    -1.1424676035690557,
    -0.6246230467529815,
    -0.6125669271432297,
    -0.42536359737634355,
    0.1963196799526044,
    0.26443031725456345,
    0.2721611282367857,
    0.7327140296065331,
    0.7348101722373042,
    0.8930769257298632,
    1.0104301300957395,
    1.0803550953688372,
    1.0618435867430382,
    1.3306706384203442,
    1.2756444579034552,
    1.3878079358635054,
    1.7387591542335168,
    1.9236361640849564,
    1.9665070454483704,
    1.9443386166522931,
    2.3017168373508743,
    2.303836007702256,
    2.5434512342664415,
    2.8254656054796787,
    2.830683328443916,
    2.98288034343959,
    3.313481182219702,
    3.3021368445041475
  ],
  "hf_energies": [
    -15.536731900553379,
    -1.1308584249926374,
    -0.6157484975124538,
    -0.6157233874292493,
    -0.41887934036338953,
    0.18686056547251276,
    0.2703490039675801,
    0.27036005933232066,
    0.7311461442986686,
    0.7311984408119087,
    0.8809535011474127,
    0.9966863696425372,
    1.0730812550259925,
    1.0730988643908754,
    1.3186968839073108,
    1.31879061326526,
    1.385095463496054,
    1.7618480597204027,
    1.9282347427209965,
    1.9574255169242745,
    1.9575065124570903,
    2.3070101333150674,
    2.307033352814096,
    2.551709789420403,
    2.8297505461920487,
    2.829825551298098,
    2.9660119066696358,
    3.3098993947887005,
    3.310049224419506
  ],
  "mad": 0.4264218496057877,
  "rmsd": 0.5652116017887194,
  "max_deviation": 1.7289835995564078,
  "correlation": 0.9999840151894404,
  "r_squared": 0.9999680306343949,
  "mad_ci_lower": 0.30871746745159717,
  "mad_ci_upper": 0.5739388153874807,
  "outlier_indices": [],
  "outlier_orbitals": [],
  "cd_timing": 5.936622619628906e-05,
  "ac_timing": 3.814697265625e-05,
  "cd_memory_peak": 0.00106048583984375,
  "ac_memory_peak": 0.00106048583984375,
  "cd_converged": true,
  "ac_converged": true,
  "cd_iterations": 12,
  "ac_iterations": 5,
  "cd_z_factors": [
    0.7739617643157001,
    0.8393526834028452,
    0.8267073169334662,
    0.8481457835210572,
    0.7375105475427398,
    0.8041084505868522,
    0.7603013371522974,
    0.7646970942840446,
    0.7744829215149946,
    0.8773813257624284,
    0.7721310083597317,
    0.7570397745524414,
    0.8394899073593249,
    0.7511137466603004,
    0.8542641981105747,
    0.7533065465871721,
    0.7774238537410086,
    0.8339293145887761,
    0.7870400615822017,
    0.8135927338676517,
    0.8898140563704198,
    0.7756383645439964,
    0.8725695206295819,
    0.793622781204412,
    0.8316273451755226,
    0.7237756784067195,
    0.8491892946794557,
    0.8225389766840122,
    0.8607951862843423
  ],
  "ac_z_factors": [
    0.7752622036826238,
    0.6777656632147815,
    0.7538008745330576,
    0.8748840439850089,
    0.873945857653024,
    0.677393047935351,
    0.8335895672705868,
    0.7774719686054992,
    0.7412941620788519,
    0.8293510636710589,
    0.7276091130955376,
    0.8273859327638787,
    0.7985527531885395,
    0.7594408249775098,
    0.8911191745462199,
    0.8504977218609667,
    0.7658819799196369,
    0.8679604180670545,
    0.6588079215533065,
    0.8621494096277799,
    0.8816382489853398,
    0.6688421829697337,
    0.8901261576895385,
    0.7419405515970013,
    0.8810929720245654,
    0.7495743490412012,
    0.7768075837465575,
    0.8873850152573927,
    0.6858877030114583
  ],
  "cd_spectral_moments": {},
  "ac_condition_number": 0.0
}