{
    "mean_absolute_error": 0.16666666666666666,
    "mae_standard_error": 0.03142696805273545,
    "t_statistic": -1.2771327108664348,
    "p_value": 0.2223306551334544,
    "krippendorff_alpha_combined": 0.6514456409745073,
    "krippendorff_alpha_humans": 0.6594786524638434,
    "krippendorff_alpha_model": null
}