{
    "accuracy": 0.9259259259259259,
    "accuracy_standard_error": 0.05040102351405716,
    "f1_score": 0.9285714285714286,
    "precision": 0.8666666666666667,
    "recall": 1.0
}