{
  "timestamp": "2025-12-01 00:25:00",
  "python_version": "3.13.5",
  "iterations": 50,
  "load_time_ms": 89.73370003513992,
  "warmup_time_ms": 153.00259995274246,
  "check_word_overall": {
    "total_ms": 491.9679999584332,
    "mean_ms": 0.30747999997402076,
    "min_ms": 0,
    "max_ms": 0,
    "ops_per_sec": 3252.244048668176,
    "call_count": 1600
  },
  "suggest_overall": {
    "total_ms": 1744.2605000687763,
    "mean_ms": 1.0901628125429852,
    "min_ms": 0,
    "max_ms": 0,
    "ops_per_sec": 917.2941770663911,
    "call_count": 1600
  },
  "mixed_workload": {
    "total_ms": 1173.7988000968471,
    "mean_ms": 0.7336242500605294,
    "min_ms": 0,
    "max_ms": 0,
    "ops_per_sec": 1363.0956172965828,
    "call_count": 1600
  },
  "category_results": [
    {
      "category": "valid_short",
      "word_count": 9,
      "check_timing": {
        "total_ms": 63.02729994058609,
        "mean_ms": 0.14006066653463575,
        "min_ms": 0.09660003706812859,
        "max_ms": 0.31480006873607635,
        "ops_per_sec": 7139.7632521812175,
        "call_count": 450
      },
      "suggest_timing": {
        "total_ms": 280.06009955424815,
        "mean_ms": 0.6223557767872181,
        "min_ms": 0.4192000487819314,
        "max_ms": 1.310399966314435,
        "ops_per_sec": 1606.7979719932728,
        "call_count": 450
      }
    },
    {
      "category": "valid_long",
      "word_count": 5,
      "check_timing": {
        "total_ms": 37.11660031694919,
        "mean_ms": 0.14846640126779675,
        "min_ms": 0.09909993968904018,
        "max_ms": 0.8948999457061291,
        "ops_per_sec": 6735.530675363018,
        "call_count": 250
      },
      "suggest_timing": {
        "total_ms": 124.74499992094934,
        "mean_ms": 0.49897999968379736,
        "min_ms": 0.34829997457563877,
        "max_ms": 1.5701999654993415,
        "ops_per_sec": 2004.0883414840234,
        "call_count": 250
      }
    },
    {
      "category": "valid_accented",
      "word_count": 6,
      "check_timing": {
        "total_ms": 44.82300009112805,
        "mean_ms": 0.14941000030376017,
        "min_ms": 0.09870005305856466,
        "max_ms": 0.3925999626517296,
        "ops_per_sec": 6692.992423311261,
        "call_count": 300
      },
      "suggest_timing": {
        "total_ms": 225.85470019839704,
        "mean_ms": 0.7528490006613234,
        "min_ms": 0.35859993658959866,
        "max_ms": 3.9730999851599336,
        "ops_per_sec": 1328.2876102931295,
        "call_count": 300
      }
    },
    {
      "category": "misspelled_easy",
      "word_count": 4,
      "check_timing": {
        "total_ms": 56.42260005697608,
        "mean_ms": 0.2821130002848804,
        "min_ms": 0.1577000366523862,
        "max_ms": 0.9039000142365694,
        "ops_per_sec": 3544.678901681916,
        "call_count": 200
      },
      "suggest_timing": {
        "total_ms": 129.89349977578968,
        "mean_ms": 0.6494674988789484,
        "min_ms": 0.376800075173378,
        "max_ms": 1.8630999838933349,
        "ops_per_sec": 1539.7229295170412,
        "call_count": 200
      }
    },
    {
      "category": "misspelled_hard",
      "word_count": 4,
      "check_timing": {
        "total_ms": 49.54239947255701,
        "mean_ms": 0.24771199736278504,
        "min_ms": 0.10349997319281101,
        "max_ms": 0.6212999578565359,
        "ops_per_sec": 4036.946173969347,
        "call_count": 200
      },
      "suggest_timing": {
        "total_ms": 106.5675001591444,
        "mean_ms": 0.532837500795722,
        "min_ms": 0.36529998760670424,
        "max_ms": 0.9612999856472015,
        "ops_per_sec": 1876.744783365722,
        "call_count": 200
      }
    },
    {
      "category": "unknown",
      "word_count": 4,
      "check_timing": {
        "total_ms": 34.1426000231877,
        "mean_ms": 0.17071300011593848,
        "min_ms": 0.006300047971308231,
        "max_ms": 0.41750003583729267,
        "ops_per_sec": 5857.784699002755,
        "call_count": 200
      },
      "suggest_timing": {
        "total_ms": 100.9837999008596,
        "mean_ms": 0.504918999504298,
        "min_ms": 0.3302000695839524,
        "max_ms": 1.0865000076591969,
        "ops_per_sec": 1980.515688618859,
        "call_count": 200
      }
    }
  ],
  "memory": {
    "peak_mb": 0.02903270721435547,
    "current_mb": 0.01486968994140625,
    "top_allocations": [
      {
        "file": "C:\\Progetti\\Furlan\\FurlanSpellChecker\\src\\furlan_spellchecker\\database\\user_exceptions.py:134",
        "size_kb": 4.46875,
        "count": 41
      },
      {
        "file": "C:\\Progetti\\Furlan\\FurlanSpellChecker\\src\\furlan_spellchecker\\database\\user_dictionary.py:314",
        "size_kb": 2.5703125,
        "count": 31
      },
      {
        "file": "C:\\Progetti\\Furlan\\FurlanSpellChecker\\src\\furlan_spellchecker\\spellchecker\\suggestion_engine.py:911",
        "size_kb": 2.5625,
        "count": 41
      },
      {
        "file": "C:\\Progetti\\Furlan\\FurlanSpellChecker\\src\\furlan_spellchecker\\spellchecker\\suggestion_engine.py:913",
        "size_kb": 2.515625,
        "count": 46
      },
      {
        "file": "C:\\Progetti\\Furlan\\FurlanSpellChecker\\src\\furlan_spellchecker\\spellchecker\\suggestion_engine.py:207",
        "size_kb": 0.9296875,
        "count": 17
      },
      {
        "file": "C:\\Progetti\\Furlan\\FurlanSpellChecker\\src\\furlan_spellchecker\\spellchecker\\suggestion_engine.py:220",
        "size_kb": 0.6484375,
        "count": 6
      },
      {
        "file": "C:\\Progetti\\Furlan\\FurlanSpellChecker\\src\\furlan_spellchecker\\spellchecker\\suggestion_engine.py:960",
        "size_kb": 0.21875,
        "count": 4
      },
      {
        "file": "C:\\Progetti\\Furlan\\FurlanSpellChecker\\src\\furlan_spellchecker\\spellchecker\\suggestion_engine.py:923",
        "size_kb": 0.21875,
        "count": 4
      },
      {
        "file": "C:\\Progetti\\Furlan\\FurlanSpellChecker\\src\\furlan_spellchecker\\spellchecker\\suggestion_engine.py:198",
        "size_kb": 0.21875,
        "count": 4
      },
      {
        "file": "C:\\Progetti\\Furlan\\FurlanSpellChecker\\src\\furlan_spellchecker\\spellchecker\\suggestion_engine.py:385",
        "size_kb": 0.1171875,
        "count": 1
      }
    ]
  },
  "cache_stats": [
    {
      "name": "PhoneticDB.find_by_phonetic_hash",
      "hits": 14905,
      "misses": 56,
      "maxsize": 10000,
      "currsize": 56,
      "hit_rate": 99.62569346968786
    }
  ],
  "cpu_hotspots": [
    {
      "function": "suggest",
      "file": "spell_checker.py",
      "line": 276,
      "calls": 2250,
      "tottime_ms": 3.4813,
      "cumtime_ms": 2392.8927,
      "percall_ms": 1.0635078666666666
    },
    {
      "function": "suggest",
      "file": "suggestion_engine.py",
      "line": 89,
      "calls": 2250,
      "tottime_ms": 12.2141,
      "cumtime_ms": 2389.4114,
      "percall_ms": 1.0619606222222224
    },
    {
      "function": "_cof_basic_suggestions",
      "file": "suggestion_engine.py",
      "line": 119,
      "calls": 2250,
      "tottime_ms": 73.8216,
      "cumtime_ms": 2206.1589000000004,
      "percall_ms": 0.9805150666666667
    },
    {
      "function": "get_phonetic_hashes_by_word",
      "file": "furlan_phonetic.py",
      "line": 187,
      "calls": 10200,
      "tottime_ms": 7.397900000000001,
      "cumtime_ms": 1731.4389,
      "percall_ms": 0.16974891176470588
    },
    {
      "function": "_phalg_furlan",
      "file": "furlan_phonetic.py",
      "line": 31,
      "calls": 10200,
      "tottime_ms": 465.0362,
      "cumtime_ms": 1724.0410000000002,
      "percall_ms": 0.1690236274509804
    },
    {
      "function": "check_word_str_sync",
      "file": "spell_checker.py",
      "line": 298,
      "calls": 3200,
      "tottime_ms": 16.8782,
      "cumtime_ms": 1012.011,
      "percall_ms": 0.3162534375
    },
    {
      "function": "_check_word_core",
      "file": "spell_checker.py",