{
    "mean_absolute_error": 0.215,
    "mae_standard_error": 0.032411417741283706,
    "t_statistic": -0.33451537013966975,
    "p_value": 0.7394183708639869,
    "krippendorff_alpha_combined": 0.6664063102408686,
    "krippendorff_alpha_humans": null,
    "krippendorff_alpha_model": null
}